,Date,Confirmed,Deaths,Recovered,Active
0,2020-03-23,63927.0,6077.0,7432.0,50418.0
1,2020-03-24,69176.0,6820.0,8326.0,54030.0
2,2020-03-25,74386.0,7503.0,9362.0,57521.0
3,2020-03-26,80589.0,8215.0,10361.0,62013.0
4,2020-03-27,86498.0,9134.0,10950.0,66414.0
5,2020-03-31,105792.0,12428.0,15729.0,77635.0
6,2020-04-01,110574.0,13155.0,16847.0,80572.0
7,2020-04-03,119827.0,14681.0,19758.0,85388.0
8,2020-04-05,128948.0,15887.0,21815.0,91246.0
9,2020-04-07,135586.0,17127.0,24392.0,94067.0
10,2020-04-08,139422.0,17669.0,26491.0,95262.0
11,2020-04-09,143626.0,18279.0,28470.0,96877.0
12,2020-04-10,147577.0,18849.0,30455.0,98273.0
13,2020-04-11,152271.0,19468.0,32534.0,100269.0
14,2020-04-12,156363.0,19899.0,34211.0,102253.0
15,2020-04-13,159516.0,20465.0,35435.0,103616.0
16,2020-04-14,162488.0,21067.0,37130.0,104291.0
17,2020-04-15,165155.0,21645.0,38092.0,105418.0
18,2020-04-16,168941.0,22170.0,40164.0,106607.0
19,2020-04-17,172434.0,22745.0,42727.0,106962.0
20,2020-04-18,175925.0,23227.0,44927.0,107771.0
21,2020-04-19,178972.0,23660.0,47055.0,108257.0
22,2020-04-20,181228.0,24114.0,48877.0,108237.0
23,2020-04-21,183957.0,24648.0,51600.0,107709.0
24,2020-04-22,187327.0,25085.0,54543.0,107699.0
25,2020-04-24,189973.0,25549.0,57576.0,106848.0
26,2020-04-25,192994.0,25969.0,60498.0,106527.0
27,2020-04-26,195351.0,26384.0,63120.0,105847.0
28,2020-04-27,197675.0,26644.0,64928.0,106103.0
29,2020-04-28,199414.0,26977.0,66624.0,105813.0
30,2020-04-29,201505.0,27359.0,68941.0,105205.0
31,2020-04-30,203591.0,27682.0,71252.0,104657.0
32,2020-05-01,205463.0,27967.0,75945.0,101551.0
33,2020-05-02,207428.0,28236.0,78249.0,100943.0
34,2020-05-03,209328.0,28710.0,79914.0,100704.0
35,2020-05-04,210717.0,28884.0,81654.0,100179.0
36,2020-05-05,211938.0,29079.0,82879.0,99980.0
37,2020-05-06,213013.0,29315.0,85231.0,98467.0
38,2020-05-07,214457.0,29684.0,93245.0,91528.0
39,2020-05-08,215858.0,29958.0,96276.0,89624.0
40,2020-05-09,217185.0,30201.0,99023.0,87961.0
41,2020-05-10,218268.0,30395.0,103031.0,84842.0
42,2020-05-11,219070.0,30560.0,105186.0,83324.0
43,2020-05-12,219814.0,30739.0,106587.0,82488.0
44,2020-05-13,221216.0,30911.0,109039.0,81266.0
45,2020-05-14,222104.0,31106.0,112541.0,78457.0
46,2020-05-15,223096.0,31368.0,115288.0,76440.0
47,2020-05-16,223885.0,31610.0,120205.0,72070.0
48,2020-05-17,224760.0,31763.0,122810.0,70187.0
49,2020-05-18,225435.0,31908.0,125176.0,68351.0
50,2020-05-19,225886.0,32007.0,127326.0,66553.0
51,2020-05-20,226699.0,32169.0,129401.0,65129.0
52,2020-05-21,227364.0,32330.0,132282.0,62752.0
53,2020-05-22,228006.0,32486.0,134560.0,60960.0
54,2020-05-23,228658.0,32616.0,136720.0,59322.0
55,2020-05-24,229327.0,32735.0,138840.0,57752.0
56,2020-05-25,229858.0,32785.0,140479.0,56594.0
57,2020-05-26,230158.0,32877.0,141981.0,55300.0
58,2020-05-27,230555.0,32955.0,144658.0,52942.0
59,2020-05-28,231139.0,33072.0,147101.0,50966.0
60,2020-05-29,231732.0,33142.0,150604.0,47986.0
61,2020-05-30,232248.0,33229.0,152844.0,46175.0
62,2020-05-31,232664.0,33340.0,155633.0,43691.0
63,2020-06-01,232997.0,33415.0,157507.0,42075.0
64,2020-06-02,233197.0,33475.0,158355.0,41367.0
65,2020-06-03,233515.0,33530.0,160092.0,39893.0
66,2020-06-04,233836.0,33601.0,160938.0,39297.0
67,2020-06-05,234013.0,33689.0,161895.0,38429.0
68,2020-06-06,234531.0,33774.0,163781.0,36976.0
69,2020-06-07,234801.0,33846.0,165078.0,35877.0
70,2020-06-08,234998.0,33899.0,165837.0,35262.0
71,2020-06-09,235278.0,33964.0,166584.0,34730.0
72,2020-06-10,235561.0,34043.0,168646.0,32872.0
73,2020-06-11,235763.0,34114.0,169939.0,31710.0
74,2020-06-12,236142.0,34167.0,171338.0,30637.0
75,2020-06-13,236305.0,34223.0,173085.0,28997.0
76,2020-06-14,236651.0,34301.0,174865.0,27485.0
77,2020-06-15,236989.0,34345.0,176370.0,26274.0
78,2020-06-16,237290.0,34371.0,177010.0,25909.0
79,2020-06-17,237500.0,34405.0,178526.0,24569.0
80,2020-06-18,237828.0,34448.0,179455.0,23925.0
81,2020-06-19,238159.0,34514.0,180544.0,23101.0
82,2020-06-20,238011.0,34561.0,181907.0,21543.0
83,2020-06-21,238275.0,34610.0,182453.0,21212.0
84,2020-06-22,238499.0,34634.0,182893.0,20972.0
85,2020-06-23,238720.0,34657.0,183426.0,20637.0
86,2020-06-24,238833.0,34675.0,184585.0,19573.0
87,2020-06-25,239410.0,34644.0,186111.0,18655.0
88,2020-06-26,239706.0,34678.0,186725.0,18303.0
89,2020-06-27,239961.0,34708.0,187615.0,17638.0
90,2020-06-28,240136.0,34716.0,188584.0,16836.0
91,2020-06-29,240310.0,34738.0,188891.0,16681.0
92,2020-06-30,240436.0,34744.0,189196.0,16496.0
93,2020-07-01,240578.0,34767.0,190248.0,15563.0
94,2020-07-02,240760.0,34788.0,190717.0,15255.0
95,2020-07-03,240961.0,34818.0,191083.0,15060.0
96,2020-07-04,241184.0,34833.0,191467.0,14884.0
97,2020-07-05,241419.0,34854.0,191944.0,14621.0
98,2020-07-06,241611.0,34861.0,192108.0,14642.0
99,2020-07-07,241819.0,34869.0,192241.0,14709.0
100,2020-07-08,241956.0,34899.0,192815.0,14242.0
101,2020-07-09,242149.0,34914.0,193640.0,13595.0
102,2020-07-10,242363.0,34926.0,193978.0,13459.0
103,2020-07-11,242639.0,34938.0,194273.0,13428.0
104,2020-07-12,242827.0,34945.0,194579.0,13303.0
105,2020-07-13,243061.0,34954.0,194928.0,13179.0
106,2020-07-14,243230.0,34967.0,195106.0,13157.0
107,2020-07-15,243344.0,34984.0,195441.0,12919.0
108,2020-07-16,243506.0,34997.0,196016.0,12493.0
109,2020-07-17,243736.0,35017.0,196246.0,12473.0
110,2020-07-18,243967.0,35028.0,196483.0,12456.0
111,2020-07-19,244216.0,35042.0,196806.0,12368.0
112,2020-07-20,244434.0,35045.0,196949.0,12440.0
113,2020-07-21,244624.0,35058.0,197162.0,12404.0
114,2020-07-22,244752.0,35073.0,197431.0,12248.0
115,2020-07-23,245032.0,35082.0,197628.0,12322.0
116,2020-07-24,245338.0,35092.0,197842.0,12404.0
117,2020-07-25,245590.0,35097.0,198192.0,12301.0
118,2020-07-26,245864.0,35102.0,198320.0,12442.0
119,2020-07-27,246118.0,35107.0,198446.0,12565.0
120,2020-07-28,246286.0,35112.0,198593.0,12581.0
121,2020-07-29,246488.0,35123.0,198756.0,12609.0
122,2020-07-30,246776.0,35129.0,199031.0,12616.0
123,2020-07-31,247158.0,35132.0,199796.0,12230.0
124,2020-08-01,247537.0,35141.0,199974.0,12422.0
125,2020-08-02,247832.0,35146.0,200229.0,12457.0
126,2020-08-03,248070.0,35154.0,200460.0,12456.0
127,2020-08-04,248229.0,35166.0,200589.0,12474.0
128,2020-08-05,248419.0,35171.0,200766.0,12482.0
129,2020-08-06,248803.0,35181.0,200976.0,12646.0
130,2020-08-07,249204.0,35187.0,201323.0,12694.0
131,2020-08-08,249756.0,35190.0,201642.0,12924.0
132,2020-08-09,250103.0,35203.0,201947.0,12953.0
133,2020-08-10,250566.0,35205.0,202098.0,13263.0
134,2020-08-11,250825.0,35209.0,202248.0,13368.0
135,2020-08-12,251237.0,35215.0,202461.0,13561.0
136,2020-08-13,251713.0,35225.0,202697.0,13791.0
137,2020-08-14,252235.0,35231.0,202923.0,14081.0
138,2020-08-15,252809.0,35234.0,203326.0,14249.0
139,2020-08-16,253438.0,35392.0,203640.0,14406.0
140,2020-08-17,253915.0,35396.0,203786.0,14733.0
141,2020-08-18,254235.0,35400.0,203968.0,14867.0
142,2020-08-19,254636.0,35405.0,204142.0,15089.0
143,2020-08-20,255278.0,35412.0,204506.0,15360.0
144,2020-08-21,256118.0,35418.0,204686.0,16014.0
145,2020-08-22,257065.0,35427.0,204960.0,16678.0
146,2020-08-23,258136.0,35430.0,205203.0,17503.0
147,2020-08-24,259345.0,35437.0,205470.0,18438.0
148,2020-08-25,260298.0,35441.0,205662.0,19195.0
149,2020-08-26,261174.0,35445.0,206015.0,19714.0
150,2020-08-27,262540.0,35458.0,206329.0,20753.0
151,2020-08-28,263949.0,35463.0,206554.0,21932.0
152,2020-08-29,265409.0,35472.0,206902.0,23035.0
153,2020-08-30,266853.0,35473.0,208224.0,23156.0
154,2020-08-31,268218.0,35477.0,208536.0,24205.0
155,2020-09-01,269214.0,35483.0,207653.0,26078.0
156,2020-09-02,270189.0,35491.0,207944.0,26754.0
157,2020-09-03,271515.0,35497.0,208201.0,27817.0
158,2020-09-04,272912.0,35507.0,208490.0,28915.0
159,2020-09-05,274644.0,35518.0,209027.0,30099.0
160,2020-09-06,276338.0,35534.0,209610.0,31194.0
161,2020-09-07,277634.0,35541.0,210015.0,32078.0
162,2020-09-08,278784.0,35553.0,210238.0,32993.0
163,2020-09-09,280153.0,35563.0,210801.0,33789.0
164,2020-09-10,281583.0,35577.0,211272.0,34734.0
165,2020-09-11,283180.0,35587.0,211885.0,35708.0
166,2020-09-12,284796.0,35597.0,212432.0,36767.0
167,2020-09-13,286297.0,35603.0,213191.0,37503.0
168,2020-09-14,287753.0,35610.0,213634.0,38509.0
169,2020-09-15,288761.0,35624.0,213950.0,39187.0
170,2020-09-16,289990.0,35633.0,214645.0,39712.0
171,2020-09-17,291442.0,35645.0,215265.0,40532.0
172,2020-09-18,293025.0,35658.0,215954.0,41413.0
173,2020-09-19,294932.0,35668.0,216807.0,42457.0
174,2020-09-20,296569.0,35692.0,217716.0,43161.0
175,2020-09-21,298156.0,35707.0,218351.0,44098.0
176,2020-09-22,299506.0,35724.0,218703.0,45079.0
177,2020-09-23,300897.0,35738.0,219670.0,45489.0
178,2020-09-24,302537.0,35758.0,220665.0,46114.0
179,2020-09-25,304323.0,35781.0,221762.0,46780.0
180,2020-09-26,306235.0,35801.0,222716.0,47718.0
181,2020-09-27,308104.0,35818.0,223693.0,48593.0
182,2020-09-28,309870.0,35835.0,224417.0,49618.0
183,2020-09-29,311364.0,35851.0,225190.0,50323.0
184,2020-09-30,313011.0,35875.0,226506.0,50630.0
185,2020-10-01,314861.0,35894.0,227704.0,51263.0
186,2020-10-02,317409.0,35918.0,228844.0,52647.0
187,2020-10-03,319908.0,35941.0,229970.0,53997.0
188,2020-10-04,322751.0,35968.0,231217.0,55566.0
189,2020-10-05,325329.0,35986.0,231914.0,57429.0
190,2020-10-06,327586.0,36002.0,232681.0,58903.0
191,2020-10-07,330263.0,36030.0,234099.0,60134.0
192,2020-10-08,333940.0,36061.0,235303.0,62576.0
193,2020-10-09,338398.0,36083.0,236363.0,65952.0
194,2020-10-10,343770.0,36111.0,237549.0,70110.0
195,2020-10-11,349494.0,36140.0,238525.0,74829.0
196,2020-10-12,354950.0,36166.0,239709.0,79075.0
197,2020-10-13,359569.0,36205.0,240600.0,82764.0
198,2020-10-14,365467.0,36246.0,242028.0,87193.0
199,2020-10-15,372799.0,36289.0,244065.0,92445.0
200,2020-10-16,381602.0,36372.0,245964.0,99266.0
201,2020-10-17,391611.0,36427.0,247872.0,107312.0
202,2020-10-18,402536.0,36474.0,249127.0,116935.0
203,2020-10-19,414241.0,36543.0,251461.0,126237.0
204,2020-10-20,423578.0,36616.0,252959.0,134003.0
205,2020-10-21,434449.0,36705.0,255005.0,142739.0
206,2020-10-22,449648.0,36832.0,257374.0,155442.0
207,2020-10-23,465726.0,36968.0,259456.0,169302.0
208,2020-10-24,484869.0,37059.0,261808.0,186002.0
209,2020-10-25,504509.0,37210.0,264117.0,203182.0
210,2020-10-26,525782.0,37338.0,266203.0,222241.0
211,2020-10-27,542789.0,37479.0,268626.0,236684.0
212,2020-10-28,564778.0,37700.0,271988.0,255090.0
213,2020-10-29,589766.0,37905.0,275404.0,276457.0
214,2020-10-30,616595.0,38122.0,279282.0,299191.0
215,2020-10-31,647674.0,38321.0,283567.0,325786.0
216,2020-11-01,679430.0,38618.0,289426.0,351386.0
217,2020-11-02,709335.0,38826.0,292380.0,378129.0
218,2020-11-03,731588.0,39059.0,296017.0,396512.0
219,2020-11-04,759829.0,39412.0,302275.0,418142.0
220,2020-11-05,790377.0,39764.0,307378.0,443235.0
221,2020-11-06,824879.0,40192.0,312339.0,472348.0
222,2020-11-07,862681.0,40638.0,322925.0,499118.0
223,2020-11-08,902490.0,41063.0,328891.0,532536.0
224,2020-11-09,935104.0,41394.0,335074.0,558636.0
225,2020-11-10,960373.0,41750.0,345289.0,573334.0
226,2020-11-11,995463.0,42330.0,363023.0,590110.0
227,2020-11-12,1028424.0,42953.0,372113.0,613358.0
228,2020-11-13,1066401.0,43589.0,387758.0,635054.0
229,2020-11-14,1107303.0,44139.0,399238.0,663926.0
230,2020-11-15,1144552.0,44683.0,411434.0,688435.0
231,2020-11-16,1178529.0,45229.0,420810.0,712490.0
232,2020-11-17,1205881.0,45733.0,442364.0,717784.0
233,2020-11-18,1238072.0,46464.0,457798.0,733810.0
234,2020-11-19,1272352.0,47217.0,481967.0,743168.0
235,2020-11-20,1308528.0,47870.0,498987.0,761671.0
236,2020-11-21,1345767.0,48569.0,520022.0,777176.0
237,2020-11-22,1380531.0,49261.0,539524.0,791746.0
238,2020-11-23,1408868.0,49823.0,553098.0,805947.0
239,2020-11-24,1431795.0,50453.0,584493.0,796849.0
240,2020-11-25,1455022.0,51306.0,605330.0,798386.0
241,2020-11-26,1480874.0,52028.0,637149.0,791697.0
242,2020-11-27,1509875.0,52850.0,661180.0,795845.0
243,2020-11-28,1538217.0,53677.0,696647.0,787893.0
244,2020-11-29,1564532.0,54363.0,720861.0,789308.0
245,2020-11-30,1585178.0,54904.0,734503.0,795771.0
246,2020-12-01,1601554.0,55576.0,757507.0,788471.0
247,2020-12-02,1620901.0,56361.0,784595.0,779945.0
248,2020-12-03,1641610.0,57045.0,823335.0,761230.0
249,2020-12-04,1664829.0,58038.0,846809.0,759982.0
250,2020-12-05,1688939.0,58852.0,872385.0,757702.0
251,2020-12-06,1709991.0,59514.0,896308.0,754169.0
252,2020-12-07,1728878.0,60078.0,913494.0,755306.0
253,2020-12-08,1742557.0,60606.0,933132.0,748819.0
254,2020-12-09,1757394.0,61240.0,958629.0,737525.0
255,2020-12-10,1770149.0,61739.0,997895.0,710515.0
256,2020-12-11,1787147.0,62626.0,1027994.0,696527.0
257,2020-12-12,1805873.0,63387.0,1052163.0,690323.0
258,2020-12-13,1825775.0,64036.0,1076891.0,684848.0
259,2020-12-14,1843712.0,64520.0,1093161.0,686031.0
260,2020-12-15,1855737.0,65011.0,1115617.0,675109.0
261,2020-12-16,1870576.0,65857.0,1141406.0,663313.0
262,2020-12-17,1888144.0,66537.0,1175901.0,645706.0
263,2020-12-18,1906377.0,67220.0,1203814.0,635343.0
264,2020-12-19,1921778.0,67894.0,1226086.0,627798.0
265,2020-12-20,1938083.0,68447.0,1249470.0,620166.0
266,2020-12-21,1953185.0,68799.0,1261626.0,622760.0
267,2020-12-22,1964054.0,69214.0,1281258.0,613582.0
268,2020-12-23,1977370.0,69842.0,1301573.0,605955.0
269,2020-12-24,1991278.0,70395.0,1322067.0,598816.0
270,2020-12-25,2009317.0,70900.0,1344785.0,593632.0
271,2020-12-26,2028354.0,71359.0,1377109.0,579886.0
272,2020-12-27,2038759.0,71620.0,1386198.0,580941.0
273,2020-12-28,2047696.0,71925.0,1394011.0,581760.0
274,2020-12-29,2056277.0,72370.0,1408686.0,575221.0
275,2020-12-30,2067487.0,73029.0,1425730.0,568728.0
276,2020-12-31,2083689.0,73604.0,1445690.0,564395.0
277,2021-01-01,2107166.0,74159.0,1463111.0,569896.0
278,2021-01-02,2129376.0,74621.0,1479988.0,574767.0
279,2021-01-03,2141201.0,74985.0,1489154.0,577062.0
280,2021-01-04,2155446.0,75332.0,1503900.0,576214.0
281,2021-01-05,2166244.0,75680.0,1520106.0,570458.0
282,2021-01-06,2181619.0,76329.0,1536129.0,569161.0
283,2021-01-07,2201945.0,76877.0,1556356.0,568712.0
284,2021-01-08,2220361.0,77291.0,1572015.0,571055.0
285,2021-01-09,2237890.0,77911.0,1589590.0,570389.0
286,2021-01-10,2257866.0,78394.0,1606630.0,572842.0
287,2021-01-11,2276491.0,78755.0,1617804.0,579932.0
288,2021-01-12,2289021.0,79203.0,1633839.0,575979.0
289,2021-01-13,2303263.0,79819.0,1653404.0,570040.0
290,2021-01-14,2319036.0,80326.0,1673936.0,564774.0
291,2021-01-15,2336279.0,80848.0,1694051.0,561380.0
292,2021-01-16,2352423.0,81325.0,1713030.0,558068.0
293,2021-01-17,2368733.0,81800.0,1729216.0,557717.0
294,2021-01-18,2381277.0,82177.0,1745726.0,553374.0
295,2021-01-19,2390102.0,82554.0,1760489.0,547059.0
296,2021-01-20,2400598.0,83157.0,1781917.0,535524.0
297,2021-01-21,2414166.0,83681.0,1806932.0,523553.0
298,2021-01-22,2428221.0,84202.0,1827451.0,516568.0
299,2021-01-23,2441854.0,84674.0,1855127.0,502053.0
300,2021-01-24,2455185.0,85162.0,1871189.0,498834.0
301,2021-01-25,2466813.0,85461.0,1882074.0,499278.0
302,2021-01-26,2475372.0,85881.0,1897861.0,491630.0
303,2021-01-27,2485956.0,86422.0,1917117.0,482417.0
304,2021-01-28,2501147.0,86889.0,1936289.0,477969.0
305,2021-01-29,2515507.0,87381.0,1953509.0,474617.0
306,2021-01-30,2529070.0,87858.0,1973388.0,467824.0
307,2021-01-31,2541783.0,88279.0,1990152.0,463352.0
308,2021-02-01,2553032.0,88516.0,2010548.0,453968.0
309,2021-02-02,2560957.0,88845.0,2024523.0,447589.0
310,2021-02-03,2570608.0,89344.0,2043499.0,437765.0
311,2021-02-04,2583790.0,89820.0,2059248.0,434722.0
312,2021-02-05,2597446.0,90241.0,2076928.0,430277.0
313,2021-02-06,2611659.0,90618.0,2091923.0,429118.0
314,2021-02-07,2625098.0,91003.0,2107061.0,427034.0
315,2021-02-08,2636738.0,91273.0,2118441.0,427024.0
316,2021-02-09,2644707.0,91580.0,2133523.0,419604.0
317,2021-02-10,2655319.0,92002.0,2149350.0,413967.0
318,2021-02-11,2668266.0,92338.0,2165817.0,410111.0
319,2021-02-12,2683403.0,92729.0,2185655.0,405019.0
320,2021-02-13,2697296.0,93045.0,2202077.0,402174.0
321,2021-02-14,2710819.0,93356.0,2216050.0,401413.0
322,2021-02-15,2721879.0,93577.0,2225519.0,402783.0
323,2021-02-16,2729223.0,93835.0,2237290.0,398098.0
324,2021-02-17,2739591.0,94171.0,2251734.0,393686.0
325,2021-02-18,2751657.0,94540.0,2268253.0,388864.0
326,2021-02-19,2765412.0,94887.0,2286024.0,384501.0
327,2021-02-20,2780882.0,95235.0,2303199.0,382448.0
328,2021-02-21,2795796.0,95486.0,2315687.0,384623.0
329,2021-02-22,2809246.0,95718.0,2324633.0,388895.0
330,2021-02-23,2818863.0,95992.0,2334968.0,387903.0
331,2021-02-24,2832162.0,96348.0,2347866.0,387948.0
332,2021-02-25,2848564.0,96666.0,2362465.0,389433.0
333,2021-02-26,2868435.0,96974.0,2375318.0,396143.0
334,2021-02-27,2888923.0,97227.0,2387032.0,404664.0
335,2021-02-28,2907825.0,97507.0,2398352.0,411966.0
336,2021-03-01,2925265.0,97699.0,2405199.0,422367.0
337,2021-03-02,2938371.0,97945.0,2416093.0,424333.0
338,2021-03-03,2955434.0,98288.0,2426150.0,430996.0
339,2021-03-04,2976274.0,98635.0,2440218.0,437421.0
340,2021-03-05,2999119.0,98974.0,2453706.0,446439.0
341,2021-03-06,3023129.0,99271.0,2467388.0,456470.0
342,2021-03-07,3046762.0,99578.0,2481372.0,465812.0
343,2021-03-08,3067486.0,99785.0,2494839.0,472862.0
344,2021-03-09,3081368.0,100103.0,2508732.0,472533.0
345,2021-03-10,3101093.0,100479.0,2521731.0,478883.0
346,2021-03-11,3123368.0,100811.0,2535483.0,487074.0
347,2021-03-12,3149017.0,101184.0,2550483.0,497350.0
348,2021-03-13,3175807.0,101564.0,2564926.0,509317.0
349,2021-03-14,3201838.0,101881.0,2579896.0,520061.0
350,2021-03-15,3223142.0,102145.0,2589731.0,531266.0
351,2021-03-16,3238394.0,102499.0,2605538.0,530357.0
352,2021-03-17,3258770.0,103001.0,2619654.0,536115.0
353,2021-03-18,3281810.0,103432.0,2639370.0,539008.0
354,2021-03-19,3306711.0,103855.0,2655346.0,547510.0
355,2021-03-20,3332418.0,104241.0,2671638.0,556539.0
356,2021-03-21,3356331.0,104642.0,2686236.0,565453.0
357,2021-03-22,3376376.0,104942.0,2699762.0,571672.0
358,2021-03-23,3400877.0,105328.0,2719477.0,576072.0
359,2021-03-24,3419616.0,105879.0,2753083.0,560654.0
360,2021-03-25,3440862.0,106339.0,2773215.0,561308.0
361,2021-03-26,3464543.0,106799.0,2794888.0,562856.0
362,2021-03-27,3488619.0,107256.0,2814652.0,566711.0
363,2021-03-28,3512453.0,107636.0,2832939.0,571878.0
364,2021-03-29,3532057.0,107933.0,2850889.0,573235.0
365,2021-03-30,3544957.0,108350.0,2870614.0,565993.0
366,2021-03-31,3561012.0,108879.0,2889301.0,562832.0
367,2021-04-01,3584899.0,109346.0,2913045.0,562508.0
368,2021-04-02,3607083.0,109847.0,2933757.0,563479.0
369,2021-04-03,3629000.0,110328.0,2953377.0,565295.0
370,2021-04-04,3650247.0,110704.0,2974688.0,564855.0
371,2021-04-05,3668264.0,111030.0,2988199.0,569035.0
372,2021-04-06,3678944.0,111326.0,2997522.0,570096.0
373,2021-04-07,3686707.0,111747.0,3019255.0,555705.0
374,2021-04-08,3700393.0,112374.0,3040182.0,547837.0
375,2021-04-09,3717602.0,112861.0,3060411.0,544330.0
376,2021-04-10,3736526.0,113579.0,3086586.0,536361.0
377,2021-04-11,3754077.0,113923.0,3107069.0,533085.0
378,2021-04-12,3769814.0,114254.0,3122555.0,533005.0
379,2021-04-13,3779594.0,114612.0,3140565.0,524417.0
380,2021-04-14,3793033.0,115088.0,3158725.0,519220.0
381,2021-04-15,3809193.0,115557.0,3178976.0,514660.0
382,2021-04-16,3826156.0,115937.0,3200196.0,510023.0
383,2021-04-17,3842079.0,116366.0,3218975.0,506738.0
384,2021-04-18,3857443.0,116676.0,3235459.0,505308.0
385,2021-04-19,3870131.0,116927.0,3248593.0,504611.0
386,2021-04-20,3878994.0,117243.0,3268262.0,493489.0
387,2021-04-21,3891063.0,117633.0,3290715.0,482715.0
388,2021-04-22,3904899.0,117997.0,3311267.0,475635.0
389,2021-04-23,3920945.0,118357.0,3330392.0,472196.0
390,2021-04-24,3935703.0,118699.0,3351461.0,465543.0
391,2021-04-25,3949517.0,119021.0,3369048.0,461448.0
392,2021-04-26,3962674.0,119238.0,3382224.0,461212.0
393,2021-04-27,3971114.0,119539.0,3398763.0,452812.0
394,2021-04-28,3981512.0,119912.0,3413451.0,448149.0
395,2021-04-29,3994894.0,120256.0,3431867.0,442771.0
396,2021-04-30,4009208.0,120544.0,3449955.0,438709.0
397,2021-05-01,4022653.0,120807.0,3465576.0,436270.0
398,2021-05-02,4035617.0,121033.0,3484042.0,430542.0
399,2021-05-03,4044762.0,121177.0,3492679.0,430906.0
400,2021-05-04,4050708.0,121433.0,3505717.0,423558.0
401,2021-05-05,4059821.0,121738.0,3524194.0,413889.0
402,2021-05-06,4070400.0,122005.0,3541266.0,407129.0
403,2021-05-07,4082198.0,122263.0,3557133.0,402802.0
404,2021-05-08,4092747.0,122470.0,3572713.0,397564.0
405,2021-05-09,4102921.0,122694.0,3590107.0,390120.0
406,2021-05-10,4111210.0,122833.0,3604523.0,383854.0
407,2021-05-11,4116287.0,123031.0,3619586.0,373670.0
408,2021-05-12,4123230.0,123282.0,3636089.0,363859.0
409,2021-05-13,4131078.0,123544.0,3655112.0,352422.0
410,2021-05-14,4139160.0,123745.0,3669407.0,346008.0
411,2021-05-15,4146722.0,123927.0,3683189.0,339606.0
412,2021-05-16,4153374.0,124063.0,3696481.0,332830.0
413,2021-05-17,4159122.0,124156.0,3706084.0,328882.0
414,2021-05-18,4162576.0,124296.0,3715389.0,322891.0
415,2021-05-19,4167025.0,124497.0,3727220.0,315308.0
416,2021-05-20,4172525.0,124646.0,3741149.0,306730.0
417,2021-05-21,4178261.0,124810.0,3753965.0,299486.0
418,2021-05-22,4183476.0,125028.0,3766660.0,291788.0
419,2021-05-23,4188190.0,125153.0,3779293.0,283744.0
420,2021-05-24,4192183.0,125225.0,3785866.0,281092.0
421,2021-05-25,4194672.0,125335.0,3792898.0,276439.0
422,2021-05-26,4197892.0,125501.0,3804246.0,268145.0
423,2021-05-27,4201827.0,125622.0,3816176.0,260029.0
424,2021-05-28,4205970.0,125793.0,3826984.0,253193.0
425,2021-05-29,4209707.0,125919.0,3837518.0,246270.0
426,2021-05-30,4213055.0,126002.0,3845087.0,241966.0
427,2021-05-31,4216003.0,126046.0,3851661.0,238296.0
428,2021-06-01,4217821.0,126128.0,3858019.0,233674.0
429,2021-06-02,4220304.0,126221.0,3868332.0,225751.0
430,2021-06-03,4223200.0,126283.0,3886867.0,210050.0
431,2021-06-04,4225163.0,126342.0,3893259.0,205562.0
432,2021-06-05,4227719.0,126415.0,3901112.0,200192.0
433,2021-06-06,4230153.0,126472.0,3908312.0,195369.0
434,2021-06-07,4232428.0,126523.0,3913633.0,192272.0
435,2021-06-08,4233698.0,126588.0,3918657.0,188453.0
436,2021-06-09,4235592.0,126690.0,3927176.0,181726.0
437,2021-06-10,4237790.0,126767.0,3936088.0,174935.0
438,2021-06-11,4239868.0,126855.0,3943704.0,169309.0
439,2021-06-12,4241760.0,126924.0,3949597.0,165239.0
440,2021-06-13,4243482.0,126976.0,3954097.0,162409.0
441,2021-06-14,4244872.0,127002.0,3957557.0,160313.0
442,2021-06-15,4245779.0,127038.0,3960951.0,157790.0
443,2021-06-16,4247032.0,127101.0,4014025.0,105906.0
444,2021-06-17,4248432.0,127153.0,4019424.0,101855.0
445,2021-06-18,4249755.0,127190.0,4023957.0,98608.0
446,2021-06-19,4250902.0,127225.0,4031605.0,92072.0
447,2021-06-20,4252095.0,127253.0,4035692.0,89150.0
448,2021-06-21,4252976.0,127270.0,4037996.0,87710.0
449,2021-06-22,4253460.0,127291.0,4049316.0,76853.0
450,2021-06-23,4254294.0,127322.0,4054008.0,72964.0
451,2021-06-24,4255434.0,127352.0,4059463.0,68619.0
452,2021-06-25,4255700.0,127362.0,4066029.0,62309.0
453,2021-06-26,4256451.0,127418.0,4068798.0,60235.0
454,2021-06-27,4257289.0,127458.0,4072099.0,57732.0
455,2021-06-28,4258069.0,127472.0,4073435.0,57162.0
456,2021-06-29,4258456.0,127500.0,4076274.0,54682.0
457,2021-06-30,4259133.0,127542.0,4078767.0,52824.0
458,2021-07-01,4259909.0,127566.0,4081902.0,50441.0
459,2021-07-02,4260788.0,127587.0,4083843.0,49358.0
460,2021-07-03,4261582.0,127615.0,4086188.0,47779.0
461,2021-07-04,4262511.0,127637.0,4089298.0,45576.0
462,2021-07-05,4263317.0,127649.0,4091004.0,44664.0
463,2021-07-06,4263797.0,127680.0,4092586.0,43531.0
464,2021-07-07,4264704.0,127704.0,4094421.0,42579.0
465,2021-07-08,4265714.0,127718.0,4096156.0,41840.0
466,2021-07-09,4267105.0,127731.0,4097905.0,41469.0
467,2021-07-10,4268491.0,127756.0,4099339.0,41396.0
468,2021-07-11,4269885.0,127768.0,4101102.0,41015.0
469,2021-07-12,4271276.0,127775.0,4102420.0,41081.0
470,2021-07-13,4272163.0,127788.0,4103949.0,40426.0
471,2021-07-14,4273693.0,127808.0,4105236.0,40649.0
472,2021-07-15,4275846.0,127831.0,4106315.0,41700.0
473,2021-07-16,4278319.0,127840.0,4109579.0,40900.0
474,2021-07-17,4281214.0,127851.0,4110649.0,42714.0
475,2021-07-18,4284332.0,127864.0,4112977.0,43491.0
476,2021-07-19,4287458.0,127867.0,4113478.0,46113.0
477,2021-07-20,4289528.0,127874.0,4114129.0,47525.0
478,2021-07-21,4293083.0,127884.0,4115889.0,49310.0
479,2021-07-22,4297337.0,127905.0,4118124.0,51308.0
480,2021-07-23,4302393.0,127920.0,4119607.0,54866.0
481,2021-07-24,4307535.0,127937.0,4120846.0,58752.0
482,2021-07-25,4312673.0,127942.0,4122208.0,62523.0
483,2021-07-26,4317415.0,127949.0,4123209.0,66257.0
484,2021-07-27,4320530.0,127971.0,4124323.0,68236.0
485,2021-07-28,4325046.0,127995.0,4126741.0,70310.0
486,2021-07-29,4330739.0,128010.0,4128568.0,74161.0
487,2021-07-30,4336906.0,128029.0,4130393.0,78484.0
488,2021-07-31,4343519.0,128047.0,4132510.0,82962.0
489,2021-08-01,4350028.0,128063.0,4134680.0,87285.0
490,2021-08-02,4355348.0,128068.0,4135930.0,91350.0